Job Titles,job
Android JobsSelect Region,Android 
Adventure JobsSelect Region,Adventure 
Architecture JobsSelect Region,Architecture 
Acquisition JobsSelect Region,Acquisition 
Accommodation JobsSelect Region,Accommodation 
Acupuncture JobsSelect Region,Acupuncture 
Asm JobsSelect Region,Asm 
Asbestos JobsSelect Region,Asbestos 
Air Conditioning JobsSelect Region,Air Conditioning 
Apprenticeship JobsSelect Region,Apprenticeship 
Airport JobsSelect Region,Airport 
Advertising JobsSelect Region,Advertising 
Actuary JobsSelect Region,Actuary 
Art JobsSelect Region,Art 
Anthropology JobsSelect Region,Anthropology 
Analytics JobsSelect Region,Analytics 
Airplane JobsSelect Region,Airplane 
Automotive JobsSelect Region,Automotive 
Architect JobsSelect Region,Architect 
Alternative JobsSelect Region,Alternative 
Advocate JobsSelect Region,Advocate 
Auto JobsSelect Region,Auto 
Apprentice JobsSelect Region,Apprentice 
Anchor JobsSelect Region,Anchor 
Area JobsSelect Region,Area 
Arabic JobsSelect Region,Arabic 
Analysis JobsSelect Region,Analysis 
Administration JobsSelect Region,Administration 
Adwords JobsSelect Region,Adwords 
Admin JobsSelect Region,Admin 
Archery JobsSelect Region,Archery 
Autism JobsSelect Region,Autism 
Air Force JobsSelect Region,Air Force 
Av JobsSelect Region,Av 
Access JobsSelect Region,Access 
Ap JobsSelect Region,Ap 
Account Manager JobsSelect Region,Account Manager 
Account JobsSelect Region,Account 
Army JobsSelect Region,Army 
Aircraft JobsSelect Region,Aircraft 
Audio JobsSelect Region,Audio 
Autocad JobsSelect Region,Autocad 
Air JobsSelect Region,Air 
Adoption JobsSelect Region,Adoption 
Animation JobsSelect Region,Animation 
Account-Manager JobsSelect Region,Account-Manager 
Au Pair JobsSelect Region,Au Pair 
Artisan JobsSelect Region,Artisan 
Astronomy JobsSelect Region,Astronomy 
Ambulance JobsSelect Region,Ambulance 
Bdm JobsSelect Region,Bdm 
Board JobsSelect Region,Board 
Blogging JobsSelect Region,Blogging 
Bachelor JobsSelect Region,Bachelor 
Blog JobsSelect Region,Blog 
Bank JobsSelect Region,Bank 
Basketball JobsSelect Region,Basketball 
Bricklayer JobsSelect Region,Bricklayer 
Benefits JobsSelect Region,Benefits 
Broadcast JobsSelect Region,Broadcast 
Branding JobsSelect Region,Branding 
Bpo JobsSelect Region,Bpo 
Biomedical Science JobsSelect Region,Biomedical Science 
Builder JobsSelect Region,Builder 
Booker JobsSelect Region,Booker 
Bsc JobsSelect Region,Bsc 
Bim JobsSelect Region,Bim 
Business Intelligence JobsSelect Region,Business Intelligence 
Breast JobsSelect Region,Breast 
Blogger JobsSelect Region,Blogger 
Biochemistry JobsSelect Region,Biochemistry 
Business Plan JobsSelect Region,Business Plan 
Bilingual JobsSelect Region,Bilingual 
Boss JobsSelect Region,Boss 
Business+analyst JobsSelect Region,Business+analyst 
Banking JobsSelect Region,Banking 
Boat JobsSelect Region,Boat 
Beer JobsSelect Region,Beer 
Brake JobsSelect Region,Brake 
Budget JobsSelect Region,Budget 
Box Office JobsSelect Region,Box Office 
Big Data JobsSelect Region,Big Data 
Biology JobsSelect Region,Biology 
Barrister JobsSelect Region,Barrister 
Ba JobsSelect Region,Ba 
Brewery JobsSelect Region,Brewery 
Barista JobsSelect Region,Barista 
Bar Staff JobsSelect Region,Bar Staff 
Business JobsSelect Region,Business 
Bartender JobsSelect Region,Bartender 
Baking JobsSelect Region,Baking 
Beauty Therapist JobsSelect Region,Beauty Therapist 
Broker JobsSelect Region,Broker 
Ballet JobsSelect Region,Ballet 
Babysitter JobsSelect Region,Babysitter 
Bookkeeping JobsSelect Region,Bookkeeping 
Bicycle JobsSelect Region,Bicycle 
Bsa JobsSelect Region,Bsa 
Bus JobsSelect Region,Bus 
Bakery JobsSelect Region,Bakery 
Cds JobsSelect Region,Cds 
Carpet JobsSelect Region,Carpet 
Citrix JobsSelect Region,Citrix 
Colleague JobsSelect Region,Colleague 
Costume JobsSelect Region,Costume 
City JobsSelect Region,City 
Commercial Vehicles JobsSelect Region,Commercial Vehicles 
Children JobsSelect Region,Children 
Csa JobsSelect Region,Csa 
Co-Op JobsSelect Region,Co-Op 
Cruises JobsSelect Region,Cruises 
Caribbean JobsSelect Region,Caribbean 
Chemistry JobsSelect Region,Chemistry 
Closer JobsSelect Region,Closer 
Cargo JobsSelect Region,Cargo 
Chinese JobsSelect Region,Chinese 
Calculator JobsSelect Region,Calculator 
Cleaner JobsSelect Region,Cleaner 
Casino JobsSelect Region,Casino 
Clearance JobsSelect Region,Clearance 
Car Sales JobsSelect Region,Car Sales 
Crew JobsSelect Region,Crew 
Crc JobsSelect Region,Crc 
Co Op JobsSelect Region,Co Op 
Communication JobsSelect Region,Communication 
Christmas JobsSelect Region,Christmas 
Coffee JobsSelect Region,Coffee 
Community JobsSelect Region,Community 
Cancer Research JobsSelect Region,Cancer Research 
Car Rental JobsSelect Region,Car Rental 
Cooperative JobsSelect Region,Cooperative 
Careers JobsSelect Region,Careers 
Cscs JobsSelect Region,Cscs 
Craft JobsSelect Region,Craft 
Cooking JobsSelect Region,Cooking 
Courier JobsSelect Region,Courier 
C JobsSelect Region,C 
Caterer JobsSelect Region,Caterer 
Chair JobsSelect Region,Chair 
Computer JobsSelect Region,Computer 
Coach JobsSelect Region,Coach 
Comedy JobsSelect Region,Comedy 
Conversion JobsSelect Region,Conversion 
Car JobsSelect Region,Car 
Camera JobsSelect Region,Camera 
Camping JobsSelect Region,Camping 
Customer Service JobsSelect Region,Customer Service 
Credit Card JobsSelect Region,Credit Card 
CRM JobsSelect Region,CRM 
Cctv JobsSelect Region,Cctv 
Dermatologist JobsSelect Region,Dermatologist 
Desk JobsSelect Region,Desk 
Designer JobsSelect Region,Designer 
Development JobsSelect Region,Development 
Diabetes JobsSelect Region,Diabetes 
Dog Training JobsSelect Region,Dog Training 
Dj JobsSelect Region,Dj 
Database JobsSelect Region,Database 
Disability JobsSelect Region,Disability 
Desktop JobsSelect Region,Desktop 
Dishwasher JobsSelect Region,Dishwasher 
Detective JobsSelect Region,Detective 
Digital Marketing JobsSelect Region,Digital Marketing 
Domestic Violence JobsSelect Region,Domestic Violence 
Device Manager JobsSelect Region,Device Manager 
Dental Nurse JobsSelect Region,Dental Nurse 
Dialysis JobsSelect Region,Dialysis 
Dentist JobsSelect Region,Dentist 
Dispatch JobsSelect Region,Dispatch 
Dog Walking JobsSelect Region,Dog Walking 
Documentary JobsSelect Region,Documentary 
Dresser JobsSelect Region,Dresser 
Doctor JobsSelect Region,Doctor 
Drawing JobsSelect Region,Drawing 
Dba JobsSelect Region,Dba 
Disney JobsSelect Region,Disney 
Drawer JobsSelect Region,Drawer 
Driving JobsSelect Region,Driving 
Diving JobsSelect Region,Diving 
Dogs JobsSelect Region,Dogs 
Disease JobsSelect Region,Disease 
Dental JobsSelect Region,Dental 
Doctors JobsSelect Region,Doctors 
Dance JobsSelect Region,Dance 
Diplomat JobsSelect Region,Diplomat 
Distribution JobsSelect Region,Distribution 
Diversity JobsSelect Region,Diversity 
Driving Instructor JobsSelect Region,Driving Instructor 
Delivery JobsSelect Region,Delivery 
Data Protection JobsSelect Region,Data Protection 
Dairy JobsSelect Region,Dairy 
Display JobsSelect Region,Display 
Defence JobsSelect Region,Defence 
Delivery Driver JobsSelect Region,Delivery Driver 
Drupal JobsSelect Region,Drupal 
Deals JobsSelect Region,Deals 
Disabled JobsSelect Region,Disabled 
Distance Learning JobsSelect Region,Distance Learning 
Direct JobsSelect Region,Direct 
Driver JobsSelect Region,Driver 
Ee JobsSelect Region,Ee 
Estate JobsSelect Region,Estate 
Environment JobsSelect Region,Environment 
Engineering JobsSelect Region,Engineering 
English Language JobsSelect Region,English Language 
Estate Agent JobsSelect Region,Estate Agent 
Ecology JobsSelect Region,Ecology 
Expert JobsSelect Region,Expert 
English JobsSelect Region,English 
Evening JobsSelect Region,Evening 
Exhibition JobsSelect Region,Exhibition 
Emergency JobsSelect Region,Emergency 
Endocrinology JobsSelect Region,Endocrinology 
Entertainment JobsSelect Region,Entertainment 
Employment JobsSelect Region,Employment 
E Commerce JobsSelect Region,E Commerce 
Exercise JobsSelect Region,Exercise 
Execution JobsSelect Region,Execution 
Electronic JobsSelect Region,Electronic 
Ex Military JobsSelect Region,Ex Military 
Event JobsSelect Region,Event 
Escort JobsSelect Region,Escort 
Electronics JobsSelect Region,Electronics 
Equestrian JobsSelect Region,Equestrian 
Erp JobsSelect Region,Erp 
Epa JobsSelect Region,Epa 
Engineer JobsSelect Region,Engineer 
Electric JobsSelect Region,Electric 
E News JobsSelect Region,E News 
Examiner JobsSelect Region,Examiner 
Education JobsSelect Region,Education 
Electrician JobsSelect Region,Electrician 
Ethics JobsSelect Region,Ethics 
Equipment JobsSelect Region,Equipment 
Entrepreneur JobsSelect Region,Entrepreneur 
Ea JobsSelect Region,Ea 
Esl JobsSelect Region,Esl 
Experience JobsSelect Region,Experience 
Epidemiology JobsSelect Region,Epidemiology 
Excavator JobsSelect Region,Excavator 
Energy JobsSelect Region,Energy 
Email JobsSelect Region,Email 
Ergonomics JobsSelect Region,Ergonomics 
Electrical JobsSelect Region,Electrical 
Economist JobsSelect Region,Economist 
Events JobsSelect Region,Events 
Explorer JobsSelect Region,Explorer 
Edc JobsSelect Region,Edc 
Economics JobsSelect Region,Economics 
E-Learning JobsSelect Region,E-Learning 
Forestry JobsSelect Region,Forestry 
Fair Trade JobsSelect Region,Fair Trade 
Forklift JobsSelect Region,Forklift 
Fit JobsSelect Region,Fit 
Fitness JobsSelect Region,Fitness 
Full Time JobsSelect Region,Full Time 
Fda JobsSelect Region,Fda 
Fashion JobsSelect Region,Fashion 
Fm JobsSelect Region,Fm 
Franchise JobsSelect Region,Franchise 
Fsa JobsSelect Region,Fsa 
Fun JobsSelect Region,Fun 
Fd JobsSelect Region,Fd 
Fire Alarm JobsSelect Region,Fire Alarm 
Fire JobsSelect Region,Fire 
Fire Service JobsSelect Region,Fire Service 
French Translator JobsSelect Region,French Translator 
Female JobsSelect Region,Female 
Football JobsSelect Region,Football 
Fragrances JobsSelect Region,Fragrances 
Father JobsSelect Region,Father 
Flight JobsSelect Region,Flight 
Finance JobsSelect Region,Finance 
Fae JobsSelect Region,Fae 
Flex JobsSelect Region,Flex 
Farming JobsSelect Region,Farming 
Furniture JobsSelect Region,Furniture 
Fleet JobsSelect Region,Fleet 
Forensic Science JobsSelect Region,Forensic Science 
Festival JobsSelect Region,Festival 
Freelancer JobsSelect Region,Freelancer 
French JobsSelect Region,French 
Fast Food JobsSelect Region,Fast Food 
Ft JobsSelect Region,Ft 
Foreign Exchange JobsSelect Region,Foreign Exchange 
Financial Advisor JobsSelect Region,Financial Advisor 
Fraud JobsSelect Region,Fraud 
Factory JobsSelect Region,Factory 
Film JobsSelect Region,Film 
Food JobsSelect Region,Food 
Fellow JobsSelect Region,Fellow 
Firewall JobsSelect Region,Firewall 
Filing JobsSelect Region,Filing 
Fishing JobsSelect Region,Fishing 
Farmers JobsSelect Region,Farmers 
Flooring JobsSelect Region,Flooring 
Free JobsSelect Region,Free 
Fulltime JobsSelect Region,Fulltime 
French Translation JobsSelect Region,French Translation 
Force JobsSelect Region,Force 
Gp JobsSelect Region,Gp 
Geology JobsSelect Region,Geology 
Guitar JobsSelect Region,Guitar 
Google Maps JobsSelect Region,Google Maps 
Government JobsSelect Region,Government 
Gym JobsSelect Region,Gym 
Geothermal JobsSelect Region,Geothermal 
Gis JobsSelect Region,Gis 
Greek JobsSelect Region,Greek 
Guard JobsSelect Region,Guard 
German Translator JobsSelect Region,German Translator 
Grocer JobsSelect Region,Grocer 
General+manager JobsSelect Region,General+manager 
Gardener JobsSelect Region,Gardener 
General JobsSelect Region,General 
Gas Turbine JobsSelect Region,Gas Turbine 
Graphic Design JobsSelect Region,Graphic Design 
Gas Engineer JobsSelect Region,Gas Engineer 
General Assistant JobsSelect Region,General Assistant 
Game Design JobsSelect Region,Game Design 
Grocery JobsSelect Region,Grocery 
Garment JobsSelect Region,Garment 
Gps JobsSelect Region,Gps 
Graphic Designer JobsSelect Region,Graphic Designer 
Graduate Scheme JobsSelect Region,Graduate Scheme 
Greenhouse JobsSelect Region,Greenhouse 
Gcc JobsSelect Region,Gcc 
Geek JobsSelect Region,Geek 
Guide JobsSelect Region,Guide 
Genetics JobsSelect Region,Genetics 
Gastroenterology JobsSelect Region,Gastroenterology 
Glass JobsSelect Region,Glass 
Gaming JobsSelect Region,Gaming 
Group JobsSelect Region,Group 
Games JobsSelect Region,Games 
Graphic JobsSelect Region,Graphic 
Github JobsSelect Region,Github 
Gas JobsSelect Region,Gas 
Get JobsSelect Region,Get 
Graphic+designer JobsSelect Region,Graphic+designer 
Gynaecologist JobsSelect Region,Gynaecologist 
General Practitioner JobsSelect Region,General Practitioner 
Geography JobsSelect Region,Geography 
Google Analytics JobsSelect Region,Google Analytics 
General Manager JobsSelect Region,General Manager 
Global JobsSelect Region,Global 
Gallery JobsSelect Region,Gallery 
Gardening JobsSelect Region,Gardening 
Governor JobsSelect Region,Governor 
Groups JobsSelect Region,Groups 
Host JobsSelect Region,Host 
History JobsSelect Region,History 
Hotel JobsSelect Region,Hotel 
Hacker JobsSelect Region,Hacker 
Hotels JobsSelect Region,Hotels 
Health JobsSelect Region,Health 
Histology JobsSelect Region,Histology 
Hadoop JobsSelect Region,Hadoop 
Head JobsSelect Region,Head 
Home JobsSelect Region,Home 
Human Resources JobsSelect Region,Human Resources 
Hit JobsSelect Region,Hit 
Human JobsSelect Region,Human 
Hairdresser JobsSelect Region,Hairdresser 
Hospitality JobsSelect Region,Hospitality 
Honda JobsSelect Region,Honda 
Higher Education JobsSelect Region,Higher Education 
Health Promotion JobsSelect Region,Health Promotion 
Human Rights JobsSelect Region,Human Rights 
Horse Racing JobsSelect Region,Horse Racing 
Humanitarian JobsSelect Region,Humanitarian 
Health and Safety JobsSelect Region,Health and Safety 
Head Chef JobsSelect Region,Head Chef 
Help JobsSelect Region,Help 
Hospice JobsSelect Region,Hospice 
Hr JobsSelect Region,Hr 
Helpdesk JobsSelect Region,Helpdesk 
Hr+director JobsSelect Region,Hr+director 
Healthcare JobsSelect Region,Healthcare 
Handyman JobsSelect Region,Handyman 
Hiking JobsSelect Region,Hiking 
Hiv JobsSelect Region,Hiv 
Headhunters JobsSelect Region,Headhunters 
Human Resource Management JobsSelect Region,Human Resource Management 
Health Insurance JobsSelect Region,Health Insurance 
Hostess JobsSelect Region,Hostess 
Healthcare Assistant JobsSelect Region,Healthcare Assistant 
Health Visitor JobsSelect Region,Health Visitor 
Housekeeping JobsSelect Region,Housekeeping 
Hospitals JobsSelect Region,Hospitals 
Hair JobsSelect Region,Hair 
Housekeeper JobsSelect Region,Housekeeper 
Hvac JobsSelect Region,Hvac 
Html JobsSelect Region,Html 
Hosting JobsSelect Region,Hosting 
Hunting JobsSelect Region,Hunting 
Hotel Receptionist JobsSelect Region,Hotel Receptionist 
Horticulture JobsSelect Region,Horticulture 
Home Improvement JobsSelect Region,Home Improvement 
Housing JobsSelect Region,Housing 
Investment Banking JobsSelect Region,Investment Banking 
Interview JobsSelect Region,Interview 
Ice Cream JobsSelect Region,Ice Cream 
Indian JobsSelect Region,Indian 
I T JobsSelect Region,I T 
Iso 9001 JobsSelect Region,Iso 9001 
Illustration JobsSelect Region,Illustration 
Ios JobsSelect Region,Ios 
I.t JobsSelect Region,I.t 
Integrity JobsSelect Region,Integrity 
Insulation JobsSelect Region,Insulation 
Invoice JobsSelect Region,Invoice 
Immediately JobsSelect Region,Immediately 
I T Manager JobsSelect Region,I T Manager 
Ip JobsSelect Region,Ip 
International JobsSelect Region,International 
Interpreter JobsSelect Region,Interpreter 
Itil JobsSelect Region,Itil 
Ibd JobsSelect Region,Ibd 
Implementation JobsSelect Region,Implementation 
It-Support JobsSelect Region,It-Support 
Italian JobsSelect Region,Italian 
Internet JobsSelect Region,Internet 
Internship JobsSelect Region,Internship 
Immigration JobsSelect Region,Immigration 
Independent JobsSelect Region,Independent 
Implant JobsSelect Region,Implant 
Image Editor JobsSelect Region,Image Editor 
Information JobsSelect Region,Information 
Illustrator JobsSelect Region,Illustrator 
Inventory JobsSelect Region,Inventory 
Insurance JobsSelect Region,Insurance 
Industrial JobsSelect Region,Industrial 
Internet Security JobsSelect Region,Internet Security 
Inter JobsSelect Region,Inter 
Interim JobsSelect Region,Interim 
Instruments JobsSelect Region,Instruments 
It Support JobsSelect Region,It Support 
Iseries JobsSelect Region,Iseries 
Investment JobsSelect Region,Investment 
Independent Financial Advisor JobsSelect Region,Independent Financial Advisor 
Intellectual Property JobsSelect Region,Intellectual Property 
Installation JobsSelect Region,Installation 
Investing JobsSelect Region,Investing 
Irs JobsSelect Region,Irs 
Ifa JobsSelect Region,Ifa 
Injection Moulding JobsSelect Region,Injection Moulding 
Interior Design JobsSelect Region,Interior Design 
Is JobsSelect Region,Is 
Ips JobsSelect Region,Ips 
Junior-Administrator JobsSelect Region,Junior-Administrator 
Junior Interior Designer JobsSelect Region,Junior Interior Designer 
Junior Front End Developer JobsSelect Region,Junior Front End Developer 
Javascript Developer JobsSelect Region,Javascript Developer 
Junior Account Executive JobsSelect Region,Junior Account Executive 
Junior Php Developer JobsSelect Region,Junior Php Developer 
Java Developer JobsSelect Region,Java Developer 
Japanese Translation JobsSelect Region,Japanese Translation 
Junior Buyer JobsSelect Region,Junior Buyer 
Jewellery Designer JobsSelect Region,Jewellery Designer 
Joint Venture JobsSelect Region,Joint Venture 
Japanese JobsSelect Region,Japanese 
Janitorial JobsSelect Region,Janitorial 
Junior Sous Chef JobsSelect Region,Junior Sous Chef 
Jewelry JobsSelect Region,Jewelry 
Junior Business Analyst JobsSelect Region,Junior Business Analyst 
Jd Edwards JobsSelect Region,Jd Edwards 
Junior Designer JobsSelect Region,Junior Designer 
Junior Digital Designer JobsSelect Region,Junior Digital Designer 
Junior Broker JobsSelect Region,Junior Broker 
Junior Developer JobsSelect Region,Junior Developer 
Junior Software Developer JobsSelect Region,Junior Software Developer 
Junior Database Administrator JobsSelect Region,Junior Database Administrator 
Junior Merchandiser JobsSelect Region,Junior Merchandiser 
Java JobsSelect Region,Java 
J2ee JobsSelect Region,J2ee 
Junior Account Manager JobsSelect Region,Junior Account Manager 
Junior Project Manager JobsSelect Region,Junior Project Manager 
Judge JobsSelect Region,Judge 
Javascript JobsSelect Region,Javascript 
Junior Network Engineer JobsSelect Region,Junior Network Engineer 
Junior Graphic Designer JobsSelect Region,Junior Graphic Designer 
Junior Data Analyst JobsSelect Region,Junior Data Analyst 
Junior Analyst JobsSelect Region,Junior Analyst 
Jewellery JobsSelect Region,Jewellery 
Junior Front-End Developer JobsSelect Region,Junior Front-End Developer 
Junior Java Developer JobsSelect Region,Junior Java Developer 
Junior Software Tester JobsSelect Region,Junior Software Tester 
Junior Web Designer JobsSelect Region,Junior Web Designer 
Junior Administrator JobsSelect Region,Junior Administrator 
Junior Product Designer JobsSelect Region,Junior Product Designer 
Journalism JobsSelect Region,Journalism 
Junior Copywriter JobsSelect Region,Junior Copywriter 
Junior Accountant JobsSelect Region,Junior Accountant 
Junior Trader JobsSelect Region,Junior Trader 
Journalist JobsSelect Region,Journalist 
Junior JobsSelect Region,Junior 
Junior Web Developer JobsSelect Region,Junior Web Developer 
Junior Engineer JobsSelect Region,Junior Engineer 
Junior Product Manager JobsSelect Region,Junior Product Manager 
Kitchen Team Member JobsSelect Region,Kitchen Team Member 
Knitting JobsSelect Region,Knitting 
Key Customer Manager JobsSelect Region,Key Customer Manager 
Keyholder JobsSelect Region,Keyholder 
Key Account Supervisor JobsSelect Region,Key Account Supervisor 
Key Account Manager JobsSelect Region,Key Account Manager 
Knowledge Specialist JobsSelect Region,Knowledge Specialist 
Key Account Sales Representative JobsSelect Region,Key Account Sales Representative 
Key Account Representative JobsSelect Region,Key Account Representative 
Key Manager JobsSelect Region,Key Manager 
Kitchen Manager JobsSelect Region,Kitchen Manager 
Kitchen Crew JobsSelect Region,Kitchen Crew 
Keeper JobsSelect Region,Keeper 
Kernel Developer JobsSelect Region,Kernel Developer 
Key User JobsSelect Region,Key User 
Knowledge Engineer JobsSelect Region,Knowledge Engineer 
Key Account JobsSelect Region,Key Account 
Key Account Project Manager JobsSelect Region,Key Account Project Manager 
Key Account Sales Executive JobsSelect Region,Key Account Sales Executive 
Key-Account-Manager JobsSelect Region,Key-Account-Manager 
Kitchen Supervisor JobsSelect Region,Kitchen Supervisor 
Kiosk Manager JobsSelect Region,Kiosk Manager 
Key Account Management JobsSelect Region,Key Account Management 
Key Account Executive JobsSelect Region,Key Account Executive 
Korean JobsSelect Region,Korean 
Key-Account-Management JobsSelect Region,Key-Account-Management 
Keystone JobsSelect Region,Keystone 
Kitchen Staff JobsSelect Region,Kitchen Staff 
Kitchen Steward JobsSelect Region,Kitchen Steward 
Kitchen Assistant JobsSelect Region,Kitchen Assistant 
Knowledge Analyst JobsSelect Region,Knowledge Analyst 
Key Account Manager Automotive JobsSelect Region,Key Account Manager Automotive 
Key Account Sales JobsSelect Region,Key Account Sales 
Kitchen Lead JobsSelect Region,Kitchen Lead 
Kitchen Design JobsSelect Region,Kitchen Design 
Key Account Coordinator JobsSelect Region,Key Account Coordinator 
Key-Holder JobsSelect Region,Key-Holder 
Key Account Director JobsSelect Region,Key Account Director 
Kitchen Worker JobsSelect Region,Kitchen Worker 
Knowledge Management JobsSelect Region,Knowledge Management 
Key Holder JobsSelect Region,Key Holder 
Key Leader JobsSelect Region,Key Leader 
Kitchen Designer JobsSelect Region,Kitchen Designer 
Key Accounts JobsSelect Region,Key Accounts 
Key Accounts Manager JobsSelect Region,Key Accounts Manager 
Knowledge Manager JobsSelect Region,Knowledge Manager 
Knowledge Management Specialist JobsSelect Region,Knowledge Management Specialist 
Kitchen JobsSelect Region,Kitchen 
Key Account Assistant JobsSelect Region,Key Account Assistant 
Kyc Analyst JobsSelect Region,Kyc Analyst 
Logo Design JobsSelect Region,Logo Design 
Lecturer JobsSelect Region,Lecturer 
Life-Coach JobsSelect Region,Life-Coach 
Looking JobsSelect Region,Looking 
Logging JobsSelect Region,Logging 
Livestock JobsSelect Region,Livestock 
Locksmith JobsSelect Region,Locksmith 
Lean Six Sigma JobsSelect Region,Lean Six Sigma 
Local JobsSelect Region,Local 
Laboratory JobsSelect Region,Laboratory 
Leadership JobsSelect Region,Leadership 
Library JobsSelect Region,Library 
Lead JobsSelect Region,Lead 
Licensing JobsSelect Region,Licensing 
Learning JobsSelect Region,Learning 
Landscaping JobsSelect Region,Landscaping 
Literacy JobsSelect Region,Literacy 
Lng JobsSelect Region,Lng 
Lawn Care JobsSelect Region,Lawn Care 
Landfill JobsSelect Region,Landfill 
Law JobsSelect Region,Law 
Laundry JobsSelect Region,Laundry 
Labourer JobsSelect Region,Labourer 
License JobsSelect Region,License 
Lifetime JobsSelect Region,Lifetime 
Landscape JobsSelect Region,Landscape 
Lighting JobsSelect Region,Lighting 
Life Insurance JobsSelect Region,Life Insurance 
Life Coaching JobsSelect Region,Life Coaching 
Life Coach JobsSelect Region,Life Coach 
Logistics JobsSelect Region,Logistics 
Leader JobsSelect Region,Leader 
Location JobsSelect Region,Location 
Lifeguard JobsSelect Region,Lifeguard 
Led Lighting JobsSelect Region,Led Lighting 
Loader JobsSelect Region,Loader 
Llm JobsSelect Region,Llm 
Lawyer JobsSelect Region,Lawyer 
Laser JobsSelect Region,Laser 
Labour JobsSelect Region,Labour 
Linux JobsSelect Region,Linux 
Leasing JobsSelect Region,Leasing 
Lpc JobsSelect Region,Lpc 
Legal Aid JobsSelect Region,Legal Aid 
Layout JobsSelect Region,Layout 
Labor JobsSelect Region,Labor 
Local Government JobsSelect Region,Local Government 
Linguistics JobsSelect Region,Linguistics 
Lp JobsSelect Region,Lp 
Loan JobsSelect Region,Loan 
Meat JobsSelect Region,Meat 
Mm JobsSelect Region,Mm 
Mixer JobsSelect Region,Mixer 
Menswear JobsSelect Region,Menswear 
Motorcycle JobsSelect Region,Motorcycle 
Massage Therapist JobsSelect Region,Massage Therapist 
Mortgages JobsSelect Region,Mortgages 
Maestro JobsSelect Region,Maestro 
Market JobsSelect Region,Market 
Mathematics JobsSelect Region,Mathematics 
Mental Health JobsSelect Region,Mental Health 
Military JobsSelect Region,Military 
Md JobsSelect Region,Md 
Mba JobsSelect Region,Mba 
Midwifery JobsSelect Region,Midwifery 
Messenger JobsSelect Region,Messenger 
Material JobsSelect Region,Material 
Mechanical Engineering JobsSelect Region,Mechanical Engineering 
Maternity Leave JobsSelect Region,Maternity Leave 
Make Up JobsSelect Region,Make Up 
Medicine JobsSelect Region,Medicine 
Mice JobsSelect Region,Mice 
Museum JobsSelect Region,Museum 
Mechanic JobsSelect Region,Mechanic 
Music JobsSelect Region,Music 
Monitor JobsSelect Region,Monitor 
Matlab JobsSelect Region,Matlab 
Mountain JobsSelect Region,Mountain 
Medical JobsSelect Region,Medical 
Media JobsSelect Region,Media 
Medieval JobsSelect Region,Medieval 
Mystery Shopper JobsSelect Region,Mystery Shopper 
Market Research JobsSelect Region,Market Research 
Motivation JobsSelect Region,Motivation 
Master JobsSelect Region,Master 
Magazine JobsSelect Region,Magazine 
Management JobsSelect Region,Management 
Massage JobsSelect Region,Massage 
Model JobsSelect Region,Model 
Mortgage JobsSelect Region,Mortgage 
Monte Carlo JobsSelect Region,Monte Carlo 
Maintenance JobsSelect Region,Maintenance 
Msc JobsSelect Region,Msc 
Mri JobsSelect Region,Mri 
Mail JobsSelect Region,Mail 
Montessori JobsSelect Region,Montessori 
Marathon JobsSelect Region,Marathon 
Microsoft Office JobsSelect Region,Microsoft Office 
Models JobsSelect Region,Models 
Makeup JobsSelect Region,Makeup 
Negotiator JobsSelect Region,Negotiator 
Nail Technician JobsSelect Region,Nail Technician 
Nursing Home JobsSelect Region,Nursing Home 
Neurologist JobsSelect Region,Neurologist 
Nature JobsSelect Region,Nature 
News JobsSelect Region,News 
Nutrition JobsSelect Region,Nutrition 
Non Executive Director JobsSelect Region,Non Executive Director 
Nursery Assistant JobsSelect Region,Nursery Assistant 
Natural Resources JobsSelect Region,Natural Resources 
Night JobsSelect Region,Night 
Nurse Practitioner JobsSelect Region,Nurse Practitioner 
Network Engineer JobsSelect Region,Network Engineer 
Newspaper JobsSelect Region,Newspaper 
Negotiation JobsSelect Region,Negotiation 
Navy JobsSelect Region,Navy 
Nursing JobsSelect Region,Nursing 
Network Security JobsSelect Region,Network Security 
Networking JobsSelect Region,Networking 
New JobsSelect Region,New 
Nurses JobsSelect Region,Nurses 
Network JobsSelect Region,Network 
National JobsSelect Region,National 
Nuke JobsSelect Region,Nuke 
Nephrology JobsSelect Region,Nephrology 
Nanny JobsSelect Region,Nanny 
Network Marketing JobsSelect Region,Network Marketing 
National Security JobsSelect Region,National Security 
Neuroscience JobsSelect Region,Neuroscience 
National Service JobsSelect Region,National Service 
Nursery Nurse JobsSelect Region,Nursery Nurse 
Nuclear Power JobsSelect Region,Nuclear Power 
Nuclear Medicine JobsSelect Region,Nuclear Medicine 
Nursery JobsSelect Region,Nursery 
Night Shift JobsSelect Region,Night Shift 
Navigator JobsSelect Region,Navigator 
Neurology JobsSelect Region,Neurology 
Nightclub JobsSelect Region,Nightclub 
Newsletter JobsSelect Region,Newsletter 
Nights JobsSelect Region,Nights 
Nuclear JobsSelect Region,Nuclear 
Newspaper Delivery JobsSelect Region,Newspaper Delivery 
Non-Executive Director JobsSelect Region,Non-Executive Director 
Ndt JobsSelect Region,Ndt 
Noc JobsSelect Region,Noc 
Natural Gas JobsSelect Region,Natural Gas 
Nursing Homes JobsSelect Region,Nursing Homes 
Neurosurgery JobsSelect Region,Neurosurgery 
New Media JobsSelect Region,New Media 
Nurse JobsSelect Region,Nurse 
Oss JobsSelect Region,Oss 
Orthopaedic JobsSelect Region,Orthopaedic 
Orthodontist JobsSelect Region,Orthodontist 
Occupational Therapist JobsSelect Region,Occupational Therapist 
Od JobsSelect Region,Od 
Observer JobsSelect Region,Observer 
Ophthalmologist JobsSelect Region,Ophthalmologist 
Ops JobsSelect Region,Ops 
Oncologist JobsSelect Region,Oncologist 
Operation JobsSelect Region,Operation 
Occupational Health JobsSelect Region,Occupational Health 
Oil JobsSelect Region,Oil 
Office Administrator JobsSelect Region,Office Administrator 
Office Manager JobsSelect Region,Office Manager 
Office Supplies JobsSelect Region,Office Supplies 
Otc JobsSelect Region,Otc 
Operations Manager JobsSelect Region,Operations Manager 
Organisation JobsSelect Region,Organisation 
Oil and Gas JobsSelect Region,Oil and Gas 
Oncology JobsSelect Region,Oncology 
Optical JobsSelect Region,Optical 
Outdoors JobsSelect Region,Outdoors 
Operator JobsSelect Region,Operator 
Optician JobsSelect Region,Optician 
Ophthalmology JobsSelect Region,Ophthalmology 
Online Marketing JobsSelect Region,Online Marketing 
Organic Chemistry JobsSelect Region,Organic Chemistry 
Office Assistant JobsSelect Region,Office Assistant 
Olympic JobsSelect Region,Olympic 
Ombudsman JobsSelect Region,Ombudsman 
Outsourcing JobsSelect Region,Outsourcing 
Office JobsSelect Region,Office 
Online Trading JobsSelect Region,Online Trading 
Online JobsSelect Region,Online 
Outreach JobsSelect Region,Outreach 
Optics JobsSelect Region,Optics 
Order JobsSelect Region,Order 
Operations+manager JobsSelect Region,Operations+manager 
Online Banking JobsSelect Region,Online Banking 
Operations JobsSelect Region,Operations 
Operations Management JobsSelect Region,Operations Management 
Office Junior JobsSelect Region,Office Junior 
Offshore JobsSelect Region,Offshore 
Officer JobsSelect Region,Officer 
Optometry JobsSelect Region,Optometry 
Osha JobsSelect Region,Osha 
Orthopedic JobsSelect Region,Orthopedic 
Occupational Therapy JobsSelect Region,Occupational Therapy 
Optometrist JobsSelect Region,Optometrist 
Oem JobsSelect Region,Oem 
Pinterest JobsSelect Region,Pinterest 
Philosophy JobsSelect Region,Philosophy 
Pc Specialist JobsSelect Region,Pc Specialist 
Portuguese JobsSelect Region,Portuguese 
Podiatrist JobsSelect Region,Podiatrist 
Parking JobsSelect Region,Parking 
Police JobsSelect Region,Police 
Pro JobsSelect Region,Pro 
Phd JobsSelect Region,Phd 
Patient JobsSelect Region,Patient 
Paint JobsSelect Region,Paint 
Plumbing JobsSelect Region,Plumbing 
Pizza JobsSelect Region,Pizza 
Printer JobsSelect Region,Printer 
Part Time JobsSelect Region,Part Time 
Pcp JobsSelect Region,Pcp 
Physics JobsSelect Region,Physics 
Plumber JobsSelect Region,Plumber 
Pioneer JobsSelect Region,Pioneer 
Procurement JobsSelect Region,Procurement 
Php JobsSelect Region,Php 
Pt JobsSelect Region,Pt 
Plc JobsSelect Region,Plc 
Pharmacy JobsSelect Region,Pharmacy 
Performance JobsSelect Region,Performance 
Piano JobsSelect Region,Piano 
Photoshop JobsSelect Region,Photoshop 
Pilates JobsSelect Region,Pilates 
Practice JobsSelect Region,Practice 
Psychology JobsSelect Region,Psychology 
Project Management JobsSelect Region,Project Management 
Palliative Care JobsSelect Region,Palliative Care 
Prime JobsSelect Region,Prime 
Probate JobsSelect Region,Probate 
Python JobsSelect Region,Python 
Pest Control JobsSelect Region,Pest Control 
Patient Access JobsSelect Region,Patient Access 
Project JobsSelect Region,Project 
Photo JobsSelect Region,Photo 
Psychiatrist JobsSelect Region,Psychiatrist 
Personal Trainer JobsSelect Region,Personal Trainer 
Photography JobsSelect Region,Photography 
Professional JobsSelect Region,Professional 
Physiotherapy JobsSelect Region,Physiotherapy 
Process JobsSelect Region,Process 
Pilot JobsSelect Region,Pilot 
Pe JobsSelect Region,Pe 
Painting JobsSelect Region,Painting 
Pension JobsSelect Region,Pension 
Poker JobsSelect Region,Poker 
Quality Engineer JobsSelect Region,Quality Engineer 
Qlikview Developer JobsSelect Region,Qlikview Developer 
Quality Technician JobsSelect Region,Quality Technician 
Quality Assurance Analyst JobsSelect Region,Quality Assurance Analyst 
Quantity Surveyor JobsSelect Region,Quantity Surveyor 
Quantitative Analysis JobsSelect Region,Quantitative Analysis 
Quantitative Finance JobsSelect Region,Quantitative Finance 
Quality Management JobsSelect Region,Quality Management 
Quality Management System JobsSelect Region,Quality Management System 
Quality Systems JobsSelect Region,Quality Systems 
Quality Manager JobsSelect Region,Quality Manager 
Quality Control Manager JobsSelect Region,Quality Control Manager 
Quotation JobsSelect Region,Quotation 
Qa Tester JobsSelect Region,Qa Tester 
Qe JobsSelect Region,Qe 
Quality Control JobsSelect Region,Quality Control 
Qa/qc JobsSelect Region,Qa/qc 
Quality Auditor JobsSelect Region,Quality Auditor 
Quantitative Analyst JobsSelect Region,Quantitative Analyst 
Quality Control Technician JobsSelect Region,Quality Control Technician 
Qs JobsSelect Region,Qs 
Qlikview JobsSelect Region,Qlikview 
Qa Qc JobsSelect Region,Qa Qc 
Qa Manager JobsSelect Region,Qa Manager 
Quality Analyst JobsSelect Region,Quality Analyst 
Qualitative Research JobsSelect Region,Qualitative Research 
Qualitative JobsSelect Region,Qualitative 
Quality Audit JobsSelect Region,Quality Audit 
Qp JobsSelect Region,Qp 
Quantitative JobsSelect Region,Quantitative 
Quickbooks JobsSelect Region,Quickbooks 
Qa Engineer JobsSelect Region,Qa Engineer 
Qa Technician JobsSelect Region,Qa Technician 
Qualified Person JobsSelect Region,Qualified Person 
Qhse Manager JobsSelect Region,Qhse Manager 
Qa Analyst JobsSelect Region,Qa Analyst 
Quality Assurance JobsSelect Region,Quality Assurance 
Quant Analyst JobsSelect Region,Quant Analyst 
Quality Assurance Manager JobsSelect Region,Quality Assurance Manager 
Qa Testing JobsSelect Region,Qa Testing 
Quality Director JobsSelect Region,Quality Director 
Quality Assurance Engineer JobsSelect Region,Quality Assurance Engineer 
Quality Controller JobsSelect Region,Quality Controller 
Quantity Surveyors JobsSelect Region,Quantity Surveyors 
Quant JobsSelect Region,Quant 
Quant Developer JobsSelect Region,Quant Developer 
Quantitative Developer JobsSelect Region,Quantitative Developer 
Quality Inspector JobsSelect Region,Quality Inspector 
Quality Engineering JobsSelect Region,Quality Engineering 
Quality Assurance Officer JobsSelect Region,Quality Assurance Officer 
Rn JobsSelect Region,Rn 
Rpg JobsSelect Region,Rpg 
Renewable Energy JobsSelect Region,Renewable Energy 
Real Estate JobsSelect Region,Real Estate 
Recovery JobsSelect Region,Recovery 
Real JobsSelect Region,Real 
Responsibility JobsSelect Region,Responsibility 
Restaurant JobsSelect Region,Restaurant 
Religious JobsSelect Region,Religious 
Radiotherapy JobsSelect Region,Radiotherapy 
Roofing JobsSelect Region,Roofing 
Retention JobsSelect Region,Retention 
Rail JobsSelect Region,Rail 
Rf JobsSelect Region,Rf 
Radar JobsSelect Region,Radar 
Resources JobsSelect Region,Resources 
River JobsSelect Region,River 
Research JobsSelect Region,Research 
Rheumatology JobsSelect Region,Rheumatology 
Risk Management JobsSelect Region,Risk Management 
Relief JobsSelect Region,Relief 
Resident Advisor JobsSelect Region,Resident Advisor 
Restaurants JobsSelect Region,Restaurants 
Reception JobsSelect Region,Reception 
Receptionist JobsSelect Region,Receptionist 
Restoration JobsSelect Region,Restoration 
Representative JobsSelect Region,Representative 
Ruby On Rails JobsSelect Region,Ruby On Rails 
Russian JobsSelect Region,Russian 
Referee JobsSelect Region,Referee 
Retirement JobsSelect Region,Retirement 
Recycling JobsSelect Region,Recycling 
Railway JobsSelect Region,Railway 
Records JobsSelect Region,Records 
Room Attendant JobsSelect Region,Room Attendant 
Relationship JobsSelect Region,Relationship 
Robot JobsSelect Region,Robot 
Reconciliation JobsSelect Region,Reconciliation 
Recruitment Consultant JobsSelect Region,Recruitment Consultant 
Runner JobsSelect Region,Runner 
Remittance JobsSelect Region,Remittance 
Receiver JobsSelect Region,Receiver 
Repair JobsSelect Region,Repair 
Revit JobsSelect Region,Revit 
Ranger JobsSelect Region,Ranger 
Retail JobsSelect Region,Retail 
Racing JobsSelect Region,Racing 
Ready Mix Concrete JobsSelect Region,Ready Mix Concrete 
Running JobsSelect Region,Running 
Radio JobsSelect Region,Radio 
Search JobsSelect Region,Search 
Seo JobsSelect Region,Seo 
Social Services JobsSelect Region,Social Services 
Sra JobsSelect Region,Sra 
Se JobsSelect Region,Se 
Sports JobsSelect Region,Sports 
Software JobsSelect Region,Software 
Secretary JobsSelect Region,Secretary 
Sustainability JobsSelect Region,Sustainability 
Security JobsSelect Region,Security 
Satellite JobsSelect Region,Satellite 
Sfa JobsSelect Region,Sfa 
Sql JobsSelect Region,Sql 
Social Media JobsSelect Region,Social Media 
Science JobsSelect Region,Science 
Sound JobsSelect Region,Sound 
Spa JobsSelect Region,Spa 
Storage JobsSelect Region,Storage 
Support JobsSelect Region,Support 
Sale JobsSelect Region,Sale 
Sailing JobsSelect Region,Sailing 
Sta JobsSelect Region,Sta 
Shopping JobsSelect Region,Shopping 
Sales JobsSelect Region,Sales 
Sociology JobsSelect Region,Sociology 
Self Employed JobsSelect Region,Self Employed 
Stock Market JobsSelect Region,Stock Market 
Scaffolding JobsSelect Region,Scaffolding 
Student JobsSelect Region,Student 
Speaker JobsSelect Region,Speaker 
Sole Trader JobsSelect Region,Sole Trader 
Ski JobsSelect Region,Ski 
Spectrum JobsSelect Region,Spectrum 
Services JobsSelect Region,Services 
Studio JobsSelect Region,Studio 
Sse JobsSelect Region,Sse 
Sharepoint JobsSelect Region,Sharepoint 
Steel JobsSelect Region,Steel 
Server JobsSelect Region,Server 
Sa JobsSelect Region,Sa 
Special JobsSelect Region,Special 
Sme JobsSelect Region,Sme 
Spanish JobsSelect Region,Spanish 
Scope JobsSelect Region,Scope 
Sister JobsSelect Region,Sister 
Scanner JobsSelect Region,Scanner 
Sqa JobsSelect Region,Sqa 
Spanish Translation JobsSelect Region,Spanish Translation 
Sewing JobsSelect Region,Sewing 
Scholar JobsSelect Region,Scholar 
Truck JobsSelect Region,Truck 
Transition JobsSelect Region,Transition 
Telephone JobsSelect Region,Telephone 
Trading JobsSelect Region,Trading 
Technology JobsSelect Region,Technology 
Talent Manager JobsSelect Region,Talent Manager 
Travel Writing JobsSelect Region,Travel Writing 
Trade JobsSelect Region,Trade 
Trailer JobsSelect Region,Trailer 
Tennis JobsSelect Region,Tennis 
Teaching JobsSelect Region,Teaching 
Tutor JobsSelect Region,Tutor 
Team JobsSelect Region,Team 
Tax JobsSelect Region,Tax 
Tactical JobsSelect Region,Tactical 
Travel JobsSelect Region,Travel 
Tds JobsSelect Region,Tds 
Transport JobsSelect Region,Transport 
Training JobsSelect Region,Training 
Transporter JobsSelect Region,Transporter 
Turf JobsSelect Region,Turf 
Think Tank JobsSelect Region,Think Tank 
Transformation JobsSelect Region,Transformation 
Technician JobsSelect Region,Technician 
Trainee JobsSelect Region,Trainee 
TV JobsSelect Region,TV 
Talent Management JobsSelect Region,Talent Management 
Ta JobsSelect Region,Ta 
Tlc JobsSelect Region,Tlc 
Theatre JobsSelect Region,Theatre 
Traveling JobsSelect Region,Traveling 
Translation JobsSelect Region,Translation 
Tickets JobsSelect Region,Tickets 
Tourism JobsSelect Region,Tourism 
Tech JobsSelect Region,Tech 
Talent JobsSelect Region,Talent 
Teacher JobsSelect Region,Teacher 
Translator JobsSelect Region,Translator 
Trip Advisor JobsSelect Region,Trip Advisor 
Translate JobsSelect Region,Translate 
Television JobsSelect Region,Television 
Tracker JobsSelect Region,Tracker 
Tools JobsSelect Region,Tools 
Tsm JobsSelect Region,Tsm 
Travelling JobsSelect Region,Travelling 
Teachers JobsSelect Region,Teachers 
Travel Agents JobsSelect Region,Travel Agents 
Teaching Assistant JobsSelect Region,Teaching Assistant 
Traffic JobsSelect Region,Traffic 
Trader JobsSelect Region,Trader 
Ux Ui JobsSelect Region,Ux Ui 
Underwriter JobsSelect Region,Underwriter 
Ux Design JobsSelect Region,Ux Design 
Uat JobsSelect Region,Uat 
Ui JobsSelect Region,Ui 
Upholstery JobsSelect Region,Upholstery 
Ui Ux JobsSelect Region,Ui Ux 
Underwriting JobsSelect Region,Underwriting 
Undergraduate Student JobsSelect Region,Undergraduate Student 
Ux Research JobsSelect Region,Ux Research 
Ux Designer JobsSelect Region,Ux Designer 
University Student JobsSelect Region,University Student 
Ux Consultant JobsSelect Region,Ux Consultant 
Utility JobsSelect Region,Utility 
Undergraduate JobsSelect Region,Undergraduate 
Ups Driver JobsSelect Region,Ups Driver 
University Professor JobsSelect Region,University Professor 
University Lecturer JobsSelect Region,University Lecturer 
User Experience JobsSelect Region,User Experience 
Urban Designer JobsSelect Region,Urban Designer 
Uat Tester JobsSelect Region,Uat Tester 
Union JobsSelect Region,Union 
Uml JobsSelect Region,Uml 
Urban Design JobsSelect Region,Urban Design 
Ui-Designer JobsSelect Region,Ui-Designer 
Urgent Care JobsSelect Region,Urgent Care 
University Teacher JobsSelect Region,University Teacher 
Ui Designer JobsSelect Region,Ui Designer 
Underwater JobsSelect Region,Underwater 
Ultrasound JobsSelect Region,Ultrasound 
Unemployed JobsSelect Region,Unemployed 
Ux/ui JobsSelect Region,Ux/ui 
Ui/ux JobsSelect Region,Ui/ux 
User JobsSelect Region,User 
Underwriting Assistant JobsSelect Region,Underwriting Assistant 
Urban Planner JobsSelect Region,Urban Planner 
Urology JobsSelect Region,Urology 
Ui Developer JobsSelect Region,Ui Developer 
Unix JobsSelect Region,Unix 
Ux Developer JobsSelect Region,Ux Developer 
Ui/ux Design JobsSelect Region,Ui/ux Design 
Unigraphics JobsSelect Region,Unigraphics 
Urban Planning JobsSelect Region,Urban Planning 
Union Representative JobsSelect Region,Union Representative 
User Experience Design JobsSelect Region,User Experience Design 
Utilities JobsSelect Region,Utilities 
Ui Design JobsSelect Region,Ui Design 
Usher JobsSelect Region,Usher 
Unix System JobsSelect Region,Unix System 
University Teaching JobsSelect Region,University Teaching 
Vegan JobsSelect Region,Vegan 
Voice Acting JobsSelect Region,Voice Acting 
Valuations JobsSelect Region,Valuations 
Visual Merchandising JobsSelect Region,Visual Merchandising 
Visual Communication JobsSelect Region,Visual Communication 
Vice JobsSelect Region,Vice 
Virology JobsSelect Region,Virology 
Video Production JobsSelect Region,Video Production 
Vfx JobsSelect Region,Vfx 
Valuer JobsSelect Region,Valuer 
Video Games JobsSelect Region,Video Games 
Voice Coach JobsSelect Region,Voice Coach 
Visual JobsSelect Region,Visual 
Vice+president JobsSelect Region,Vice+president 
Video On Demand JobsSelect Region,Video On Demand 
Vascular Surgery JobsSelect Region,Vascular Surgery 
Vd JobsSelect Region,Vd 
Veterinary JobsSelect Region,Veterinary 
Volunteer JobsSelect Region,Volunteer 
Valet JobsSelect Region,Valet 
Vending JobsSelect Region,Vending 
Video Editor JobsSelect Region,Video Editor 
Video Editing JobsSelect Region,Video Editing 
Venture Capital JobsSelect Region,Venture Capital 
Voluntary Work JobsSelect Region,Voluntary Work 
Visual Effects JobsSelect Region,Visual Effects 
Veteran JobsSelect Region,Veteran 
Vendor JobsSelect Region,Vendor 
Vault JobsSelect Region,Vault 
Visualization JobsSelect Region,Visualization 
Volunteer Work JobsSelect Region,Volunteer Work 
Volunteering JobsSelect Region,Volunteering 
Voice Over JobsSelect Region,Voice Over 
Veterinary Nurse JobsSelect Region,Veterinary Nurse 
Visitor JobsSelect Region,Visitor 
Volunteers JobsSelect Region,Volunteers 
Vice-President JobsSelect Region,Vice-President 
Veterinary Assistant JobsSelect Region,Veterinary Assistant 
Virtual Office JobsSelect Region,Virtual Office 
Visual Merchandiser JobsSelect Region,Visual Merchandiser 
Video JobsSelect Region,Video 
Videography JobsSelect Region,Videography 
Vice President JobsSelect Region,Vice President 
Verification JobsSelect Region,Verification 
Victim JobsSelect Region,Victim 
Van Driver JobsSelect Region,Van Driver 
Virtual Assistant JobsSelect Region,Virtual Assistant 
Veterinary Surgeon JobsSelect Region,Veterinary Surgeon 
Video Conference JobsSelect Region,Video Conference 
Vet JobsSelect Region,Vet 
Web Design JobsSelect Region,Web Design 
Wind Turbine JobsSelect Region,Wind Turbine 
Weather JobsSelect Region,Weather 
Wind Energy JobsSelect Region,Wind Energy 
Wireless JobsSelect Region,Wireless 
Womenswear JobsSelect Region,Womenswear 
Web Developer JobsSelect Region,Web Developer 
Wordpress JobsSelect Region,Wordpress 
Weekend JobsSelect Region,Weekend 
Water JobsSelect Region,Water 
Work From Home JobsSelect Region,Work From Home 
Working From Home JobsSelect Region,Working From Home 
Workshop JobsSelect Region,Workshop 
Web Development JobsSelect Region,Web Development 
Web Services JobsSelect Region,Web Services 
Website JobsSelect Region,Website 
Webmaster JobsSelect Region,Webmaster 
Welding JobsSelect Region,Welding 
Worship JobsSelect Region,Worship 
Westlaw JobsSelect Region,Westlaw 
Water Treatment JobsSelect Region,Water Treatment 
Website Design JobsSelect Region,Website Design 
Word Processing JobsSelect Region,Word Processing 
Websites JobsSelect Region,Websites 
Writer JobsSelect Region,Writer 
Writing JobsSelect Region,Writing 
Wrangler JobsSelect Region,Wrangler 
Woodworking JobsSelect Region,Woodworking 
Wedding Planning JobsSelect Region,Wedding Planning 
Web JobsSelect Region,Web 
Washer JobsSelect Region,Washer 
Waitress JobsSelect Region,Waitress 
Work JobsSelect Region,Work 
Wind JobsSelect Region,Wind 
Welfare JobsSelect Region,Welfare 
Waiter JobsSelect Region,Waiter 
Work Experience JobsSelect Region,Work Experience 
Wealth Management JobsSelect Region,Wealth Management 
Wall Street JobsSelect Region,Wall Street 
Warehouse Assistant JobsSelect Region,Warehouse Assistant 
Women JobsSelect Region,Women 
Wellness JobsSelect Region,Wellness 
Waste JobsSelect Region,Waste 
Wholesaler JobsSelect Region,Wholesaler 
Warehouse Operative JobsSelect Region,Warehouse Operative 
Welder JobsSelect Region,Welder 
Wind Power JobsSelect Region,Wind Power 
Wildlife JobsSelect Region,Wildlife 
Wireless Network JobsSelect Region,Wireless Network 
Web Designer JobsSelect Region,Web Designer 
X-Ray Technician JobsSelect Region,X-Ray Technician 
X-Ray Technician JobsSelect Region,X-Ray Technician 
Xbox JobsSelect Region,Xbox 
Xsl Developer JobsSelect Region,Xsl Developer 
X Ray Technician JobsSelect Region,X Ray Technician 
X Ray Technician JobsSelect Region,X Ray Technician 
Xml Developer JobsSelect Region,Xml Developer 
Xcel JobsSelect Region,Xcel 
X Ray JobsSelect Region,X Ray 
Xml Specialist JobsSelect Region,Xml Specialist 
Xslt Developer JobsSelect Region,Xslt Developer 
Yoga JobsSelect Region,Yoga 
Young Graduate JobsSelect Region,Young Graduate 
Yachting JobsSelect Region,Yachting 
Youth Leader JobsSelect Region,Youth Leader 
Youth Worker JobsSelect Region,Youth Worker 
Young Researcher JobsSelect Region,Young Researcher 
Yard Coordinator JobsSelect Region,Yard Coordinator 
Youth JobsSelect Region,Youth 
Yard Driver JobsSelect Region,Yard Driver 
Yard Manager JobsSelect Region,Yard Manager 
Yard Supervisor JobsSelect Region,Yard Supervisor 
Youth Care Specialist JobsSelect Region,Youth Care Specialist 
Youth Specialist JobsSelect Region,Youth Specialist 
Youth Services Coordinator JobsSelect Region,Youth Services Coordinator 
Young Graduate Trainee JobsSelect Region,Young Graduate Trainee 
Yoga Instructor JobsSelect Region,Yoga Instructor 
Yoga Pilates Instructor JobsSelect Region,Yoga Pilates Instructor 
Youth Development Manager JobsSelect Region,Youth Development Manager 
Youth Sports JobsSelect Region,Youth Sports 
Youth Director JobsSelect Region,Youth Director 
Yield Manager JobsSelect Region,Yield Manager 
Yield Management Analyst JobsSelect Region,Yield Management Analyst 
Yard Work JobsSelect Region,Yard Work 
Yield Analyst JobsSelect Region,Yield Analyst 
Yacht Design JobsSelect Region,Yacht Design 
Yard Person JobsSelect Region,Yard Person 
Yield Engineer JobsSelect Region,Yield Engineer 
Youth Development JobsSelect Region,Youth Development 
Youth Development Specialist JobsSelect Region,Youth Development Specialist 
Youth Coordinator JobsSelect Region,Youth Coordinator 
Youth Services JobsSelect Region,Youth Services 
Yard Worker JobsSelect Region,Yard Worker 
Young Professional JobsSelect Region,Young Professional 
Yoga Teacher JobsSelect Region,Yoga Teacher 
Youth Care Worker JobsSelect Region,Youth Care Worker 
Zone Manager JobsSelect Region,Zone Manager 
Zumba Instructor JobsSelect Region,Zumba Instructor 
Zoo JobsSelect Region,Zoo 
Zone Sales Manager JobsSelect Region,Zone Sales Manager 
Zookeeper JobsSelect Region,Zookeeper 
Zonal Manager JobsSelect Region,Zonal Manager 
Zone Director JobsSelect Region,Zone Director 
Zone Operations Manager JobsSelect Region,Zone Operations Manager 
3d Graphic Artist JobsSelect Region,3d Graphic Artist 
2nd JobsSelect Region,2nd 
3d Visualiser JobsSelect Region,3d Visualiser 
3d Artist JobsSelect Region,3d Artist 
3d Design JobsSelect Region,3d Design 
3d-Designer JobsSelect Region,3d-Designer 
2nd Line Support JobsSelect Region,2nd Line Support 
3d Animation JobsSelect Region,3d Animation 
3d Graphic Designer JobsSelect Region,3d Graphic Designer 
2d Animation JobsSelect Region,2d Animation 
3d Character Artist JobsSelect Region,3d Character Artist 
2d JobsSelect Region,2d 
3d-Generalist JobsSelect Region,3d-Generalist 
3d Character Animator JobsSelect Region,3d Character Animator 
2nd Officer JobsSelect Region,2nd Officer 
2d Artist JobsSelect Region,2d Artist 
3d Art JobsSelect Region,3d Art 
3d Designer JobsSelect Region,3d Designer 
3d Digital Artist JobsSelect Region,3d Digital Artist 
6 Month JobsSelect Region,6 Month 
50k JobsSelect Region,50k 
3 Month Contract JobsSelect Region,3 Month Contract 
6 Month Contract JobsSelect Region,6 Month Contract 
3d Animator JobsSelect Region,3d Animator 
3d Modeling JobsSelect Region,3d Modeling 
3d Generalist JobsSelect Region,3d Generalist 
3d Cad JobsSelect Region,3d Cad 
100k JobsSelect Region,100k 
3d JobsSelect Region,3d 
1st Line Support JobsSelect Region,1st Line Support 
6 Sigma Black Belt JobsSelect Region,6 Sigma Black Belt 
3rd Engineer JobsSelect Region,3rd Engineer 
3d Environment Artist JobsSelect Region,3d Environment Artist 
